[{"id":"user-image-Air-Jordan-1-Retro-High-OG-University-Blue-July-2023.jpeg","publicUrl":"np://user.desktop.nicepage.com/Site_13305955/images/Air-Jordan-1-Retro-High-OG-University-Blue-July-2023.jpeg","size":172261,"hash":"YYDfBIKWtK1hQC3G8BaCaz13v4Q=","fileName":"Air-Jordan-1-Retro-High-OG-University-Blue-July-2023.jpeg","name":"Air-Jordan-1-Retro-High-OG-University-Blue-July-2023","width":1140,"height":800,"thumbnail":{"url":"np://user.desktop.nicepage.com/Site_13305955/images/thumbnails/Air-Jordan-1-Retro-High-OG-University-Blue-July-2023.jpeg","width":250,"height":175},"folderId":null,"usages":["469723356"]},{"id":"user-image-air-jordan-1-retro-high-white-university-blue-black-2-1000.webp","publicUrl":"np://user.desktop.nicepage.com/Site_13305955/images/air-jordan-1-retro-high-white-university-blue-black-2-1000.webp","size":71002,"hash":"aPCE0ZwtBy4BcOyKIJXn17Ng2zg=","fileName":"air-jordan-1-retro-high-white-university-blue-black-2-1000.webp","name":"air-jordan-1-retro-high-white-university-blue-black-2-1000","width":1000,"height":600,"thumbnail":{"url":"np://user.desktop.nicepage.com/Site_13305955/images/air-jordan-1-retro-high-white-university-blue-black-2-1000.webp","width":250,"height":150},"folderId":null,"usages":[]},{"id":"user-image-unblhi.jpg","publicUrl":"np://user.desktop.nicepage.com/Site_13305955/images/unblhi.jpg","size":4985,"hash":"e3jy4YSSszrHSxcpoBnlN5m04bY=","fileName":"unblhi.jpg","name":"unblhi","width":225,"height":225,"thumbnail":{"url":"np://user.desktop.nicepage.com/Site_13305955/images/thumbnails/unblhi.jpg","height":225,"width":225,"length":4985,"type":"jpg"},"folderId":null,"usages":[]},{"id":"user-image-images2.png","publicUrl":"np://user.desktop.nicepage.com/Site_13305955/images/images2.png","size":16464,"hash":"3fhHEPCQ7U9vhrt3ZNKJstoYVGk=","fileName":"images2.png","name":"images2","width":267,"height":189,"thumbnail":{"url":"np://user.desktop.nicepage.com/Site_13305955/images/thumbnails/images2.png","width":250,"height":177},"folderId":null,"usages":["36206099"]},{"id":"user-image-images.png","publicUrl":"np://user.desktop.nicepage.com/Site_13305955/images/images.png","size":27945,"hash":"pJpb8rsbofOBPqdVVUucn2snKJc=","fileName":"images.png","name":"images","width":225,"height":225,"thumbnail":{"url":"np://user.desktop.nicepage.com/Site_13305955/images/thumbnails/images.png","width":225,"height":225,"length":27945,"type":"png"},"folderId":null,"usages":["36206099"]},{"id":"user-image-images1.png","publicUrl":"np://user.desktop.nicepage.com/Site_13305955/images/images1.png","size":28199,"hash":"G3iMED1oVMyJqIurXvjAosl5qDc=","fileName":"images1.png","name":"images1","width":259,"height":194,"thumbnail":{"url":"np://user.desktop.nicepage.com/Site_13305955/images/thumbnails/images1.png","width":250,"height":187},"folderId":null,"usages":["36206099"]},{"id":"user-image-images2.jpg","publicUrl":"np://user.desktop.nicepage.com/Site_13305955/images/images2.jpg","size":2431,"hash":"iPAlyLj+0+IbCVmLOWZxEviCr48=","fileName":"images2.jpg","name":"images2","width":267,"height":189,"thumbnail":{"url":"np://user.desktop.nicepage.com/Site_13305955/images/thumbnails/images2.jpg","width":250,"height":177},"folderId":null,"usages":["2895618686"]},{"id":"user-image-images1.jpg","publicUrl":"np://user.desktop.nicepage.com/Site_13305955/images/images1.jpg","size":3436,"hash":"ZgTdiUJv8VgwlIwlHutXpTLjy90=","fileName":"images1.jpg","name":"images1","width":259,"height":194,"thumbnail":{"url":"np://user.desktop.nicepage.com/Site_13305955/images/thumbnails/images1.jpg","width":250,"height":187},"folderId":null,"usages":["111455342"]},{"id":"user-image-9347854.png","publicUrl":"np://user.desktop.nicepage.com/Site_13305955/images/9347854.png","size":2066,"hash":"C7jD387w68flsoHUKcNUhPGbAr4=","fileName":"9347854.png","name":"9347854","width":128,"height":128,"thumbnail":{"url":"np://user.desktop.nicepage.com/Site_13305955/images/thumbnails/9347854.png","width":128,"height":128,"length":2066,"type":"png"},"folderId":null,"usages":[]},{"id":"user-image-7204763.png","publicUrl":"np://user.desktop.nicepage.com/Site_13305955/images/7204763.png","size":3070,"hash":"HDpXAG8mhPklXRPu1djLmQMz3s0=","fileName":"7204763.png","name":"7204763","width":128,"height":128,"thumbnail":{"url":"np://user.desktop.nicepage.com/Site_13305955/images/thumbnails/7204763.png","width":128,"height":128,"length":3070,"type":"png"},"folderId":null,"usages":[]},{"id":"user-image-images.jpg","publicUrl":"np://user.desktop.nicepage.com/Site_13305955/images/images.jpg","size":3352,"hash":"sx7AFpoTw4UuGmyPjryPXbTEeN0=","fileName":"images.jpg","name":"images","width":225,"height":225,"thumbnail":{"url":"np://user.desktop.nicepage.com/Site_13305955/images/thumbnails/images.jpg","height":225,"width":225,"length":3352,"type":"jpg"},"folderId":null,"usages":["10993959"]},{"id":"user-image-wkrtcedostepne.webp","publicUrl":"np://user.desktop.nicepage.com/Site_13305955/images/wkrtcedostepne.webp","size":24392,"hash":"ZLTB2gpQu21tKDUSWrDyOijmKys=","fileName":"wkrtcedostepne.webp","name":"wkrtcedostepne","width":960,"height":1080,"thumbnail":{"url":"np://user.desktop.nicepage.com/Site_13305955/images/wkrtcedostepne.webp","width":222,"height":250},"folderId":null,"usages":["634404662"]},{"id":"user-image-nIKEAIRJORDAN.jpg","publicUrl":"np://user.desktop.nicepage.com/Site_13305955/images/nIKEAIRJORDAN.jpg","size":411345,"hash":"0a+PZRINUvftud74A4CEnCohoqU=","fileName":"nIKEAIRJORDAN.jpg","name":"nIKEAIRJORDAN","width":1070,"height":760,"thumbnail":{"url":"np://user.desktop.nicepage.com/Site_13305955/images/thumbnails/nIKEAIRJORDAN.jpg","width":250,"height":178},"folderId":null,"usages":["634404662"]},{"id":"user-image-nIKEAIRJORDAN.png","publicUrl":"np://user.desktop.nicepage.com/Site_13305955/images/nIKEAIRJORDAN.png","size":847027,"hash":"Ark8n/ZnxTVm748VlGJwRQBjJrI=","fileName":"nIKEAIRJORDAN.png","name":"nIKEAIRJORDAN","width":1070,"height":760,"thumbnail":{"url":"np://user.desktop.nicepage.com/Site_13305955/images/thumbnails/nIKEAIRJORDAN.png","width":250,"height":178},"folderId":null,"usages":[]},{"id":"user-image-JOrdan4retrothunder.png","publicUrl":"np://user.desktop.nicepage.com/Site_13305955/images/JOrdan4retrothunder.png","size":126533,"hash":"3rTWqqvKmIVjmc6Q9nZou0C4DnA=","fileName":"JOrdan4retrothunder.png","name":"JOrdan4retrothunder","width":512,"height":307,"thumbnail":{"url":"np://user.desktop.nicepage.com/Site_13305955/images/thumbnails/JOrdan4retrothunder.png","width":250,"height":150},"folderId":null,"usages":["634404662"]},{"id":"user-image-yeezyfoumrunneer.webp","publicUrl":"np://user.desktop.nicepage.com/Site_13305955/images/yeezyfoumrunneer.webp","size":22024,"hash":"gUzTyIDo/g1JMsi9Rh2CZp9GQ6U=","fileName":"yeezyfoumrunneer.webp","name":"yeezyfoumrunneer","width":720,"height":432,"thumbnail":{"url":"np://user.desktop.nicepage.com/Site_13305955/images/yeezyfoumrunneer.webp","width":250,"height":150},"folderId":null,"usages":["634404662"]},{"id":"user-image-yeezyslide.png","publicUrl":"np://user.desktop.nicepage.com/Site_13305955/images/yeezyslide.png","size":334448,"hash":"+WGZB/FjcHzU9CRs3OF2dePzptg=","fileName":"yeezyslide.png","name":"yeezyslide","width":1578,"height":1574,"thumbnail":{"url":"np://user.desktop.nicepage.com/Site_13305955/images/thumbnails/yeezyslide.png","width":250,"height":249},"folderId":null,"usages":["634404662","36206099","524906264"]},{"id":"user-image-yeezy350.png","publicUrl":"np://user.desktop.nicepage.com/Site_13305955/images/yeezy350.png","size":442147,"hash":"oYiV8t59W4rnPk2dgMjyUVnufsU=","fileName":"yeezy350.png","name":"yeezy350","width":960,"height":640,"thumbnail":{"url":"np://user.desktop.nicepage.com/Site_13305955/images/thumbnails/yeezy350.png","width":250,"height":167},"folderId":null,"usages":["634404662"]},{"id":"user-image-image.png","publicUrl":"np://user.desktop.nicepage.com/Site_13305955/images/image.png","size":478888,"hash":"1DjU8zp9XHDLEBYitUrok797x0Y=","fileName":"image.png","name":"image","width":799,"height":570,"thumbnail":{"url":"np://user.desktop.nicepage.com/Site_13305955/images/thumbnails/image.png","width":250,"height":178},"folderId":null,"usages":[]},{"id":"user-image-jordan1midekgreen.png","publicUrl":"np://user.desktop.nicepage.com/Site_13305955/images/jordan1midekgreen.png","size":451282,"hash":"obFqIOxAshYKYwaN54DVH9k5EHU=","fileName":"jordan1midekgreen.png","name":"jordan1midekgreen","width":800,"height":570,"thumbnail":{"url":"np://user.desktop.nicepage.com/Site_13305955/images/thumbnails/jordan1midekgreen.png","width":250,"height":178},"folderId":null,"usages":["634404662"]},{"id":"user-image-jordan1mid1.jpg","publicUrl":"np://user.desktop.nicepage.com/Site_13305955/images/jordan1mid1.jpg","size":11774,"hash":"SqfUFqnGw3/ECvCxxDG44Yp5ybE=","fileName":"jordan1mid1.jpg","name":"jordan1mid1","width":290,"height":174,"thumbnail":{"url":"np://user.desktop.nicepage.com/Site_13305955/images/thumbnails/jordan1mid1.jpg","width":250,"height":150},"folderId":null,"usages":[]},{"id":"user-image-jordanblue.webp","publicUrl":"np://user.desktop.nicepage.com/Site_13305955/images/jordanblue.webp","size":42908,"hash":"KhTDqBgoTMX4e3eePD2QR8874es=","fileName":"jordanblue.webp","name":"jordanblue","width":700,"height":420,"thumbnail":{"url":"np://user.desktop.nicepage.com/Site_13305955/images/jordanblue.webp","width":250,"height":150},"folderId":null,"usages":["634404662"]},{"id":"user-image-Zrzutekranu2023-04-16221123.png","publicUrl":"np://user.desktop.nicepage.com/Site_13305955/images/Zrzutekranu2023-04-16221123.png","size":329794,"hash":"xFqgeM5rSUKxXrjIUGkXuqJ2/aI=","fileName":"Zrzutekranu2023-04-16221123.png","name":"Zrzutekranu2023-04-16221123","width":623,"height":412,"thumbnail":{"url":"np://user.desktop.nicepage.com/Site_13305955/images/thumbnails/Zrzutekranu2023-04-16221123.png","width":250,"height":165},"folderId":null,"usages":[]}]
